{
  "tok": 26683,
  "typ": 2551,
  "hap": 1104,
  "ttr": 0.09560394258516658,
  "mwl": 4.0000749540906195,
  "mwf": 10.459819678557428
}